{"cameraMode":{"drawMode":0,"name":"Shaded","section":"Shading Mode"},"sceneLighting":true,"audioPlay":false,"sceneViewState":{"showFog":true,"showMaterialUpdate":false,"showSkybox":true,"showFlares":true,"showImageEffects":true,"showParticleSystems":true},"in2DMode":false,"pivot":{"x":112.173583984375,"y":-128.73056030273438,"z":384.8441467285156},"rotation":{"x":-0.17833580076694489,"y":-0.31351369619369509,"z":0.06007052958011627,"w":-0.9307504892349243},"size":673.5419311523438,"orthographic":false}